k,wcss,silhouette
2,23512177916326474587113614467412262912.000000,0.967718
3,7151503812815034638260340920460247040.000000,0.971091
4,4717473026731956637521914257804886016.000000,0.964894
5,3879460187721176044006286892661211136.000000,0.943267
6,2005748662362020476489805169002807296.000000,0.965096
7,1201519604341512446762849106778914816.000000,0.949712
8,782274469643628380756637965346668544.000000,0.948869
